id,verdict,pings,scanned_as,note
15,GOOD,<1,The One Ring,correct
99,GOOD,1,Legendary Conference Badge,correct
45,GOOD,1,Alliance Warrant,correct
40,GOOD,2,The Prophecy,correct
35,GOOD,2,Floppy Disk,correct
41,GOOD,2,Z-Staff,correct
92,GOOD,2,Black Box,correct
46,OK,3,Phone Booth Key Fob,correct
57,OK,3,SG-1 Patch,correct
71,OK,5,Sonic Screwdriver,correct
38,MARGINAL,7-8,Oak's Notes,correct-but-slow
85,MARGINAL,>5+backup,KARR CPU Fragment,correct-but-needs-distance
43,FAIL,many,skynet's first thought (WRONG),mis-decodes-reassign
11,FAIL,0.00,0
11,FAIL,0.00,0
11,FAIL,0.00,0
109,FAIL,0.00,0
109,FAIL,0.00,0
109,FAIL,0.00,0
109,FAIL,0.00,0
127,FAIL,0.00,0
127,FAIL,0.00,0
113,FAIL,0.00,0
113,FAIL,0.00,0
113,FAIL,0.00,0
110,FAIL,0.00,0
110,FAIL,0.00,0
110,FAIL,0.00,0
111,FAIL,0.00,0
111,FAIL,0.00,0
111,FAIL,0.00,0
127,FAIL,0.00,0
127,GOOD,1.00,56
125,FAIL,0.00,0
125,GOOD,0.37,35
125,MARGINAL,0.12,25
125,GOOD,0.31,36
120,FAIL,0.00,52
120,FAIL,0.04,25
113,GOOD,0.58,38
113,MARGINAL,0.12,32
126,FAIL,0.00,58
126,FAIL,0.00,42
113,MARGINAL,0.27,33
113,GOOD,0.45,51
113,FAIL,0.09,46
25,FAIL,0.00,42
25,FAIL,0.00,28
124,MARGINAL,0.30,37
124,GOOD,0.58,33
117,GOOD,0.31,48
117,MARGINAL,0.16,49
124,MARGINAL,0.28,39
124,GOOD,0.88,52
124,GOOD,0.49,43
24,FAIL,0.00,27,24x19;122x4;73x1
24,MARGINAL,0.13,23,66x8;24x8;78x6
25,FAIL,0.00,18,73x6;121x6;8x2
40,FAIL,0.00,31,105x13;121x9;73x8
41,FAIL,0.00,34,73x31;69x3
43,FAIL,0.00,24,73x10;111x6;75x3
82,FAIL,0.00,35,99x18;100x11;118x3
43,FAIL,0.00,20,77x7;111x6;109x3
46,FAIL,0.00,22,119x10;99x7;55x3
46,FAIL,0.00,32,103x11;119x10;118x5
61,FAIL,0.00,26,106x19;78x4;108x2
61,FAIL,0.00,11,72x5;106x4;66x2
31,FAIL,0.00,32,99x17;119x10;55x3
31,FAIL,0.00,42,99x21;118x15;55x3
15,GOOD,0.88,50,15x44;6x5;118x1
124,GOOD,0.78,55,124x55
46,FAIL,0.00,38,78x30;111x3;79x3
61,GOOD,0.98,47,61x46;49x1
31,MARGINAL,0.12,51,127x43;31x6;61x2
71,GOOD,0.86,59,71x59
57,FAIL,0.00,37,8x33;73x2;75x2
65,GOOD,0.68,41,65x29;73x7;0x5
89,MARGINAL,0.12,33,9x21;73x5;89x4
89,FAIL,0.09,22,105x7;73x6;89x6
79,FAIL,0.00,52,73x37;79x12;78x3
26,FAIL,0.00,38,118x37;124x1
26,FAIL,0.00,36,118x29;126x4;92x2
19,FAIL,0.00,36,55x21;127x13;119x1
34,FAIL,0.00,29,78x11;7x7;87x5
